,word0,word1,word2,word3,word4,word5,word6,word7,word8,word9,word10,word11,word12,word13,word14,word15,word16,word17,word18,word19,word20,word21,word22,word23,word24,word25,word26,word27,word28,word29,word30,word31,word32,word33,word34,word35,word36,word37,word38,word39,word40,word41,word42,word43,word44,word45,word46,word47,word48,word49,word50,word51,word52,word53,word54,word55,word56,word57,word58,word59
topic#0,params,time,new,status,generate,annotation,dimport,deactivate,filtered,feature,contains,class,account,codes,1000,pre,login,make,configuring,type,like,float,annotator,maintain,options,ajax,value,append,yaml,popup,scrap,debug,code,objects,white,parameter,redirect,array,progress,charset,format,article,pvscl,change,entered,listeners,splice,configuration,param,defined,pdf,success,subgroup,equal,hidden,identification,script,operation,search,source
topic#1,codebook,group,theme,code,create,selector,definition,manager,export,built,groups,codes,annotation,links,update,updated,utils,events,server,browser,html,current,storage,hypothesis,title,created,removed,alert,based,language,application,index,guide,error,hierarchy,rename,import,objects,highlighter,client,defined,instance,event,reviewing,check,delete,annotations,subgroup,yaml,remove,annotator,configure,open,new,colors,party,references,custom,text,function
topic#2,neo4j,configure,related,checkbox,client,html,instanced,content,toolset,background,pages,product,dark,inner,creator,group,right,resource,function,swal2,permission,configuring,insert,commenting,script,menu,aria,pdf,method,description,chosen,hide,deleting,expand,row,assign,activated,schema,load,possible,given,uri,object,validation,autocomplete,listener,hypothesis,post,created,jquery,headers,replying,image,selected,based,browser,student,reopen,reduce,int
topic#3,subgroup,server,uri,substr,save,used,send,renamed,moodle,deserialize,assign,different,creating,related,assignment,redraw,activate,charset,cell,exist,highlighter,sure,item,row,button,opened,user,operation,higher,retrieving,links,definition,cells,destroy,params,notify,float,colors,log,teacher,push,toolset,background,element,party,expanded,defined,checkbox,imported,simulation,probably,seconds,change,tool,id,interval,codebook,endpoint,index,trying
topic#4,neo4,neo4j,element,token,endpoint,configuration,form,user,manager,event,label,save,input,check,handler,create,card,placeholder,control,selector,query,listener,add,client,required,scope,message,send,runtime,saved,chrome,debug,background,initialize,dark,white,body,header,set,stringify,console,restore,json,storage,server,annotation,hypothesis,browser,activate,multivalued,destroy,login,google,toggle,group,disabled,trying,rows,webpage,pages
topic#5,pdf,page,viewer,promise,application,image,element,current,criteria,annotation,button,url,file,data,add,width,redraw,annotated,management,selector,query,blob,saver,span,handler,promises,rubric,save,reader,alert,target,annotations,title,set,swal,count,reduce,toolset,pages,js,child,timeout,size,index,body,append,content,reject,manager,text,previous,event,listener,chrome,loading,creating,format,activity,document,exam
topic#6,hypothesis,copy,rubric,index,confirm,properties,values,requests,fingerprint,target,listener,party,definition,object,configure,clear,warning,selected,tags,like,click,condition,disabled,browser,body,main,try,roles,comments,script,happened,manager,token,annotation,width,operations,rename,close,formats,exist,client,activity,used,inner,equal,highlight,toggle,1000,wrapper,page,cancel,saver,account,match,opened,profile,description,hidden,source,selector
topic#7,code,max,array,selection,augmentation,exists,settings,operations,party,open,values,required,change,warning,result,used,permissions,blocking,redraw,sheet,destroy,data,objects,promise,continues,report,promises,purposes,webpage,condition,want,codes,model,select,async,cmid,toolset,delete,import,metadata,dimport,rows,reopen,annotated,background,annotating,retrieve,modify,schema,interval,reviewing,try,paper,time,timeout,filtered,created,removed,control,probably
topic#8,json,color,delete,definition,disabled,view,contains,event,parts,configure,elements,requires,roles,access,image,href,cross,extension,callback,annotator,operations,parse,condition,request,contact,filter,trying,split,charset,center,webpage,selector,like,format,object,info,resource,paper,enable,description,select,updated,disable,time,neo4,expand,maintain,init,pages,identification,splice,purposes,removed,configuring,expanded,http,plain,values,built,activity
topic#9,doi,pdf,link,element,main,url,button,container,text,wrapper,hash,script,content,article,config,selector,result,elements,inner,download,param,extension,href,check,utils,query,paper,activate,popup,string,location,groups,links,open,append,test,chrome,returns,redirect,pvscl,matches,hide,parts,js,required,different,citation,buttons,scripts,extract,replace,scope,regex,tries,reduce,lodash,browser,array,console,runtime
topic#10,based,necessary,required,deleting,pre,elements,plain,script,charset,tab,highlighted,https,list,object,cmid,store,citation,saved,permissions,children,highlighter,array,possible,selected,configuration,select,warning,replied,format,query,close,uri,headers,filter,cross,requires,autocomplete,deactivate,header,retrieved,lodash,match,restore,reload,target,dispatch,axios,count,background,toolset,log,serialize,moodle,listeners,sender,values,files,index,generate,export
topic#11,promise,neo4j,string,retrieved,teacher,alert,result,question,provider,higher,add,classification,added,select,source,extension,right,storage,enable,default,jsimport,start,codes,resource,position,update,destroy,label,matches,dark,logged,listeners,item,requests,citation,control,based,developer,1000,custom,callback,want,settings,url,continues,main,min,console,manual,reject,comment,updated,view,redraw,metadata,created,tag,moodle,open,group
topic#12,exists,document,web,direct,pages,browser,hash,imported,necessary,creating,save,based,scheme,google,unable,listener,created,rows,rename,current,custom,retrieved,copy,defined,activity,hypothes,item,change,updated,click,query,website,reader,crypto,swal2,files,tags,pre,images,article,cancel,trying,array,feature,timeout,define,level,open,context,file,uri,error,tooltip,deleting,consumer,search,pdf,requires,links,expand
topic#13,hypothesis,manager,token,annotation,server,client,interval,hypothes,chrome,seconds,logged,html,links,login,group,retrieve,console,tries,title,https,language,utils,commenting,target,body,check,index,listener,document,storage,instance,groups,request,set,response,container,result,split,reload,metadata,send,remove,change,init,substr,form,close,tab,clear,endcondpvscl,profile,selected,closed,aria,sidebar,saved,id,href,url,current
topic#14,delete,viewer,list,end,unexpected,pdf,spreadsheet,hidden,student,updated,headers,moodle,probably,array,class,required,int,log,content,id,right,maintain,blocking,rows,target,search,article,sweetalert2,themes,runtime,selection,read,pvscl,init,retrieves,base,imported,open,settings,params,purposes,doi,local,swal,button,scope,user,jquery,management,colors,model,chrome,fingerprint,index,success,swal2,webpage,options,storage,toolset
topic#15,annotations,current,event,filter,user,annotation,events,updated,dispatch,delete,language,utils,deleted,custom,retrieve,listener,init,filtered,change,highlight,add,handler,created,remove,function,reply,replying,update,create,id,index,destroy,references,menu,returns,creator,context,annotated,disabled,push,enable,message,management,reader,elements,hidden,includes,highlighted,redraw,opened,maintain,array,operations,splice,augmentation,param,question,image,check,i18n
topic#16,tool,creator,unexpected,feature,post,string,placeholder,scrap,update,add,info,access,like,annotation,checkbox,serialize,message,callback,right,size,sort,export,data,activity,process,loading,timeout,blank,try,delete,swal2,make,review,body,code,direct,updating,i18n,location,context,article,split,course,create,scheme,interval,continues,values,cell,changed,attribute,imported,roles,exists,reload,navigation,jsimport,report,object,based
topic#17,reply,color,annotation,utils,commenting,target,create,purpose,data,form,items,comment,replying,html,selector,classifying,codebook,default,code,dispatch,parameter,theme,error,int,highlighted,elements,annotations,level,saver,custom,webpage,body,update,location,text,open,updated,objects,unexpected,alert,language,files,exists,events,manual,updating,params,image,menu,delete,user,continues,exist,activated,source,context,reload,scrap,citation,identification
topic#18,reply,annotation,html,span,create,wrapper,source,login,title,reload,current,sender,event,viewer,user,references,provider,sort,metadata,items,required,mark,multivalued,reader,like,cell,elements,hash,themes,remove,theme,config,make,manual,unusable,description,instance,product,param,replying,identification,form,sidebar,match,previous,replied,data,delete,closed,characters,activated,tries,1000,cells,close,scheme,reviewing,attribute,creator,seconds
topic#19,codebook,pre,concat,themes,level,store,citation,scripts,theme,select,new,url,event,right,jsimport,later,lodash,dispatch,classifying,want,handler,copy,code,mark,view,endpoint,save,params,insert,condition,manual,disabled,classification,reopen,count,position,columns,creating,checkbox,restore,hide,config,urls,added,post,button,utils,start,extract,options,deactivate,colors,images,definition,wrapper,warning,span,operation,crypto,codes
topic#20,sheet,number,source,index,google,import,id,result,param,function,scheme,filter,sender,rows,moodle,login,consumer,product,assign,popup,response,token,scope,headers,https,placeholder,send,groups,content,save,characters,value,option,array,create,replace,json,neo4j,string,columns,contains,comments,request,type,paper,error,simulation,logged,update,action,restore,child,spreadsheet,cross,end,renamed,citation,page,base,date
topic#21,group,codebook,selector,import,theme,configuration,definition,update,storage,updated,handler,alert,groups,review,producer,retrieve,annotation,confirm,document,container,exist,function,delete,string,hypothesis,event,defined,class,start,charset,toggle,deleting,header,deserialize,utils,swal2,sidebar,highlighter,default,entered,cancel,codes,create,listener,read,google,deactivate,assignment,tags,check,date,model,manual,condition,id,item,permission,dispatch,server,creator
topic#22,level,elements,annotations,handler,blank,report,reply,sort,sure,items,dispatch,pvscl,login,event,confirm,wrapper,interval,grouped,includes,content,data,given,schema,consumer,contains,checked,sender,swal,generate,https,objects,user,rows,script,extension,buttons,serialize,selector,seconds,instanced,modify,logged,augmentation,reviewing,correctly,hidden,filter,notify,card,deleting,developer,scope,param,expanded,model,source,alert,size,deserialize,based
topic#23,moodle,download,scheme,student,course,rubric,id,assignment,alert,feedback,handler,popup,function,endpoint,message,chrome,token,cross,rows,client,cell,method,params,permission,neo4j,theme,target,file,redraw,simulation,unusable,response,endcon,lodash,action,login,status,annotation,parts,hash,listeners,runtime,enable,server,create,select,buttons,exists,like,updateable,expand,tooltip,higher,export,data,current,string,new,augmentation,manager
topic#24,codebook,google,sheet,client,token,result,annotation,exist,initialize,button,manager,error,annotations,endpoint,create,theme,server,warning,base,required,post,script,number,values,viewer,add,id,import,language,update,guide,save,group,items,start,set,filtered,blocking,operations,alert,built,event,i18n,instance,created,aria,time,logged,control,formats,custom,open,deactivate,position,grouped,attribute,paper,date,chosen,images
topic#25,html,format,document,formats,param,tool,requests,higher,requires,cancel,definition,grouped,tag,save,sort,parameter,wrapper,export,operation,insert,check,saved,notify,removed,placeholder,disable,selection,disabled,pages,permissions,navigation,background,http,given,science,producer,urls,schema,like,browser,image,splice,buttons,select,operations,rename,unable,max,retrieved,items,configure,comment,textarea,serialize,built,related,hypothes,product,replied,array
topic#26,charset,headers,feedback,roles,sort,try,reviewing,status,application,party,comments,rename,error,product,highlight,position,contains,deactivate,input,scripts,max,renamed,add,deleted,promise,storage,parse,reopen,reject,source,endcon,neo4,annotator,used,disable,configure,client,activate,float,main,image,concat,serialize,rows,children,sweetalert2,ask,control,images,condition,row,response,copy,open,creating,citation,provider,destroy,endcondpvscl,based
topic#27,page,application,pdf,image,promise,href,sheet,requests,criteria,element,source,webpage,party,read,document,teacher,width,crypto,redraw,restore,blob,start,review,store,pages,cmid,add,viewer,article,define,report,inner,loading,parts,annotating,container,axios,retrieving,ask,extension,title,query,groups,updating,body,chosen,current,browser,defined,comments,contact,response,colors,method,manage,augmentation,annotator,number,options,unable
topic#28,removed,open,reload,child,autocomplete,deleting,load,classifying,scheme,sheet,status,manual,need,classification,neo4,loaded,want,party,callback,timeout,image,scripts,promises,simulation,id,schema,entered,row,annotator,profile,properties,contact,browser,language,configure,subgroup,updating,source,jsimport,checkbox,attribute,hierarchy,contains,html,right,namespace,themes,unusable,annotation,config,pvscl,operations,correctly,crypto,loading,href,website,page,commenting,imported
topic#29,moodle,code,update,course,codes,client,annotation,student,message,manager,endpoint,settings,id,chrome,send,files,ask,paper,test,target,checkbox,element,define,control,annotations,form,provider,utils,theme,producer,normalize,activated,data,selector,contains,action,delete,access,schema,attribute,http,config,parse,manual,logged,loaded,highlighter,columns,rubric,file,post,maintain,success,equal,function,assignment,required,splice,input,seconds
topic#30,tabs,file,image,options,info,generate,fingerprint,blank,value,inner,runtime,identification,crypto,span,links,assignments,article,restore,lodash,type,necessary,added,id,definition,disable,tooltip,card,science,min,pdf,clear,namespace,yaml,new,params,event,retrieves,sort,includes,check,closed,direct,blob,hidden,charset,unexpected,js,highlighter,highlighted,export,header,default,float,listener,checked,related,themes,color,deactivate,notify
topic#31,reopen,purposes,white,match,jsimport,concat,producer,reader,textarea,tags,error,exporter,template,http,text,profile,tries,browser,selection,dark,axios,subgroup,filtered,hierarchy,chrome,objects,count,trying,annotator,properties,post,reviewing,changed,opened,seconds,product,annotations,lodash,normalize,format,cell,question,card,splice,yaml,mark,renamed,main,check,loaded,highlighter,process,items,custom,given,formats,contains,images,website,feature
topic#32,annotation,code,id,navigation,theme,sidebar,event,create,custom,events,body,dispatch,tags,codebook,listener,utils,page,language,annotations,selected,hypothesis,management,group,imported,manager,classifying,filter,links,white,spreadsheet,yaml,string,created,permission,server,axios,default,function,level,pages,comments,ask,defined,want,text,new,definition,selection,unusable,schema,properties,annotated,blocking,multivalued,account,location,groups,alert,user,children
topic#33,multivalued,requests,rename,necessary,update,match,menu,hierarchy,parts,wrapper,span,ajax,deserialize,end,request,copy,manager,i18n,close,reopen,dispatch,question,highlight,like,https,requires,timeout,comment,error,later,insert,handler,link,cell,deleting,element,client,party,tries,importer,url,activated,resource,open,criteria,sender,promise,main,try,imported,assignments,values,store,promises,neo4j,grouped,read,buttons,option,characters
topic#34,group,selector,login,sidebar,exist,tab,date,interval,event,highlight,ask,operations,check,happened,popup,listener,endpoint,codebook,settings,changed,new,log,push,annotator,parameter,jsimport,handler,open,validation,groups,pre,element,size,sort,save,links,related,cell,input,close,placeholder,logged,lodash,blank,removed,https,server,timeout,necessary,clear,span,built,wrapper,ajax,position,imported,crypto,loaded,expanded,remove
topic#35,headers,autocomplete,items,profile,party,form,deleting,web,colors,tag,tab,progress,tabs,cancel,provider,white,time,resource,events,selector,exists,location,report,manual,normalize,delete,max,tries,file,parts,concat,view,ask,custom,rubric,notify,validation,reviewing,expand,related,teacher,object,action,contains,copy,remove,includes,annotated,account,plain,popup,number,endpoint,question,import,url,maintain,renamed,redirect,href
topic#36,hypothesis,listener,manager,token,annotations,webpage,delete,language,console,tab,developer,interval,regex,headers,type,data,body,file,title,deleted,param,logged,label,account,importer,custom,reviewing,send,necessary,website,charset,json,question,disabled,browser,view,lodash,date,center,updating,multivalued,events,crypto,purpose,result,uri,user,redirect,reduce,client,action,chrome,substr,current,create,hierarchy,hypothes,event,image,scope
topic#37,response,url,headers,id,hash,target,annotation,redirect,manager,location,load,param,config,index,uri,doi,extract,parts,direct,science,split,try,header,chrome,navigation,filter,debug,script,object,metadata,page,groups,console,query,selector,endcondpvscl,includes,urls,tab,href,tabs,add,request,blocking,web,listener,requests,citation,endcon,initialize,source,background,dimport,regex,array,params,lodash,utils,string,storage
topic#38,science,url,direct,request,headers,id,annotation,config,param,redirect,content,utils,script,chrome,groups,tab,tabs,doi,hash,article,update,extract,activate,params,text,header,extension,load,console,send,includes,urls,blocking,web,requests,js,pvscl,regex,popup,parameter,remove,open,endcon,debug,dimport,href,location,matches,endcondpvscl,lodash,result,scripts,page,check,parse,listener,add,split,scope,message
topic#39,import,export,annotations,definition,items,theme,annotation,image,menu,json,button,code,codes,imported,event,defined,description,context,handler,importer,append,chrome,listener,url,document,create,events,element,user,google,guide,toolset,body,array,i18n,review,operation,loaded,exporter,highlighter,disable,message,current,init,codebook,substr,async,extract,spreadsheet,push,title,runtime,split,themes,child,unable,https,configure,reopen,rows
topic#40,position,cancel,built,trying,navigation,paper,themes,param,logged,higher,type,click,delete,operations,article,metadata,pages,stringify,regex,definition,toolset,chrome,columns,callback,assign,cells,open,modify,selected,entered,plain,clear,closed,float,language,make,serialize,identification,success,toggle,dark,need,runtime,listener,load,message,hypothes,button,hidden,access,crypto,page,params,wrapper,direct,group,status,yaml,copy,value
topic#41,server,annotation,manager,hypothesis,browser,storage,client,selected,moodle,function,size,chrome,runtime,id,rubric,groups,current,index,send,children,level,retrieved,group,code,configuration,href,modify,course,direct,user,contact,array,query,normalize,store,sheet,create,set,comments,provider,default,tabs,cmid,rename,dimport,built,codebook,stringify,row,characters,make,control,listener,report,model,crypto,tag,exporter,title,science
topic#42,tabs,file,text,activate,content,access,check,load,deactivate,crypto,popup,utils,activated,chrome,element,inner,endcondpvscl,permission,local,plain,body,selector,query,try,scheme,fingerprint,hash,runtime,pages,html,extension,url,code,annotated,theme,id,create,codes,test,save,update,operations,button,tags,modify,annotations,dispatch,uri,codebook,saver,entered,requests,viewer,values,child,init,maintain,process,confirm,card
topic#43,unusable,browser,events,concat,producer,define,saver,loading,make,user,given,textarea,built,disable,read,hidden,endpoint,spreadsheet,create,sort,restore,location,related,simulation,blob,sure,settings,purpose,lodash,download,navigation,class,urls,jsimport,created,parse,json,feedback,children,comments,colors,array,science,replied,description,closed,listener,roles,promises,timeout,time,response,append,crypto,model,selected,want,console,permission,google
topic#44,label,template,parameter,description,filter,index,send,interval,document,pages,events,query,int,store,page,permissions,source,info,push,autocomplete,augmentation,options,parse,yaml,progress,configuration,method,purposes,hidden,substr,tool,closed,click,control,scrap,logged,body,commenting,white,requires,replying,enable,want,process,selector,gsheet,clear,endpoint,themes,highlighter,validation,condition,feature,popup,values,ajax,user,based,scheme,position
topic#45,normalize,urls,higher,happened,content,title,roles,changed,cancel,replied,form,guide,open,blocking,data,jquery,tries,cross,promise,plain,maintain,instanced,includes,response,application,requires,parts,enable,manage,teacher,characters,criteria,count,elements,description,configuring,import,stringify,1000,replying,reader,feature,resource,confirm,sweetalert2,code,items,previous,configure,google,sheet,timeout,user,report,process,annotated,type,annotating,configuration,defined
topic#46,purpose,contact,annotated,try,report,search,highlighter,pages,annotations,requires,creating,rubric,int,promises,async,read,roles,remove,user,checked,create,progress,happened,unusable,ask,axios,response,document,location,listeners,includes,list,dispatch,process,format,resource,plain,count,concat,closed,replied,columns,wrapper,saved,manual,cells,provider,review,filter,annotator,scheme,post,interval,items,destroy,selector,timeout,confirm,target,text
topic#47,code,annotated,theme,annotation,id,tags,event,config,events,annotations,moodle,dispatch,body,utils,multivalued,classifying,language,navigation,sidebar,custom,grouped,page,create,purpose,tag,themes,updated,cmid,push,selected,level,update,index,string,subgroup,account,object,manager,management,reader,list,result,target,new,resource,server,listener,selection,content,link,test,related,guide,hierarchy,possible,make,info,reload,array,items
topic#48,import,definition,export,theme,annotations,codes,json,codebook,imported,annotation,code,guide,highlighter,events,review,file,event,configuration,user,button,description,defined,push,items,object,objects,current,importer,exporter,handler,menu,array,themes,schema,context,create,document,unable,built,init,server,model,date,listener,trying,selector,read,unexpected,lodash,append,alert,function,ask,close,happened,child,result,param,returns,input
topic#49,element,url,direct,theme,doi,code,headers,listener,text,body,update,script,later,request,param,file,annotation,remove,popup,inner,link,loaded,check,promise,happened,producer,definition,parts,event,load,open,span,add,sidebar,activated,checkbox,tab,extension,utils,unusable,index,post,color,teacher,instance,navigation,plain,content,like,options,config,page,purpose,dimport,textarea,http,send,scripts,created,response
topic#50,request,id,headers,location,listener,chrome,response,web,tabs,add,href,tab,index,annotation,content,blocking,config,send,image,application,message,urls,includes,header,param,load,context,sender,html,files,runtime,extension,endcondpvscl,try,split,extract,url,type,end,selected,interval,configuring,reader,store,pvscl,target,code,references,reject,dimport,loading,body,exist,scrap,method,rows,function,inner,filter,grouped
topic#51,code,theme,classifying,color,body,annotation,codebook,utils,purpose,id,form,commenting,replied,autocomplete,title,reader,default,manager,used,tags,language,references,regex,retrieved,config,comments,previous,annotations,classification,instance,width,replace,provider,moodle,reject,open,remove,replying,description,purposes,management,grouped,json,based,annotated,deserialize,https,selector,view,assign,query,assignments,push,serialize,parse,concat,stringify,subgroup,swal2,min
topic#52,add,hypothes,int,saver,try,match,hierarchy,handler,web,download,button,page,background,imported,toolset,file,manager,hidden,wrapper,script,fingerprint,confirm,sort,event,spreadsheet,trying,roles,level,created,matches,later,end,push,message,manage,normalize,source,textarea,success,context,error,listener,stringify,target,retrieved,tag,view,custom,formats,classification,pvscl,viewer,deleting,size,adds,yaml,title,includes,alert,importer
topic#53,gsheet,http,handler,feedback,provider,reject,push,reader,swal2,notify,formats,checked,seconds,codes,pre,aria,document,opened,science,classifying,grouped,redraw,config,fingerprint,template,action,commenting,success,doi,webpage,delete,reopen,given,matches,subgroup,resource,filter,elements,requests,group,axios,async,swal,hypothesis,maintain,data,stringify,format,columns,rubric,images,assign,tries,popup,image,insert,search,target,replied,scope
topic#54,doi,content,child,pdf,classifying,augmentation,utils,form,check,listener,element,text,modify,uri,account,selected,login,hash,deserialize,image,entered,sort,annotated,paper,manual,citation,dark,validation,read,settings,substr,console,param,cross,http,commenting,log,trying,close,cancel,url,groups,info,previous,config,popup,json,defined,grouped,feedback,request,date,string,creating,export,google,span,sender,charset,swal
topic#55,manager,child,params,doi,sheet,location,login,post,script,student,buttons,id,google,crypto,consumer,direct,blob,redirect,hypothes,query,white,server,assignments,runtime,hypothesis,neo4,aria,language,data,popup,token,tries,exists,check,provider,href,returns,error,param,annotating,annotated,number,html,push,listener,contact,assign,select,resource,match,maintain,condition,console,background,requires,current,hidden,parameter,redraw,regex
topic#56,current,annotations,annotation,event,events,user,updated,deleted,size,remove,change,add,filter,citation,provider,deactivate,google,utils,language,id,runtime,check,chrome,test,headers,base,dispatch,template,webpage,load,callback,message,scripts,initialize,feedback,opened,sheet,exists,entered,hidden,access,listener,deserialize,configuring,http,required,substr,codes,reply,endpoint,retrieve,save,notify,popup,response,input,context,menu,async,retrieving
topic#57,hypothesis,token,client,date,annotation,manager,body,server,created,interval,fingerprint,tab,init,resource,hypothes,context,stringify,course,links,items,hidden,request,close,purpose,reopen,settings,create,later,parse,rename,status,split,selected,class,copy,href,different,characters,save,base,listeners,unusable,codes,probably,parts,account,language,reject,reply,endpoint,popup,cells,reader,namespace,colors,document,importer,html,substr,groups
topic#58,browser,storage,manager,annotation,server,alert,file,button,card,operation,groups,push,load,result,listener,check,used,activated,application,float,options,built,error,hash,selector,utils,json,read,type,restore,concat,group,question,click,id,sender,language,filtered,pvscl,width,confirm,save,like,charset,message,1000,query,event,neo4j,toolset,namespace,hidden,unexpected,current,string,index,span,document,delete,student
topic#59,comment,sheet,moodle,google,id,group,current,reload,comments,token,index,different,save,destroy,values,seconds,row,function,value,request,result,http,provider,spreadsheet,client,annotator,expand,exists,annotation,deleting,scripts,configuration,domain,item,enable,changed,context,endcondpvscl,used,correctly,resource,autocomplete,retrieving,tab,cell,callback,assignments,container,html,later,report,rows,probably,manager,span,selected,sweetalert2,equal,codebook,web
topic#60,codebook,group,selector,event,container,delete,sidebar,handler,blank,add,groups,span,open,title,expanded,click,location,normalize,options,unable,export,make,listener,events,settings,buttons,option,grouped,header,update,colors,tag,item,store,dispatch,import,roles,lodash,cmid,tool,param,profile,attribute,rubric,stringify,web,init,message,assign,hypothesis,filter,neo4j,condition,close,text,matches,review,create,exists,codes
topic#61,given,operation,source,generate,deleted,access,creator,append,google,codebook,purposes,chrome,header,retrieve,web,tool,blocking,normalize,close,resource,annotations,requires,button,request,export,related,promise,import,importer,saved,previous,color,info,paper,yaml,namespace,possible,float,scrap,jquery,right,mark,min,schema,wrapper,end,reject,pre,code,event,reopen,aria,post,split,activity,error,base,unexpected,tags,interval
topic#62,sheet,id,body,code,utils,theme,client,data,google,value,color,subgroup,change,confirm,annotation,checkbox,exists,reader,content,time,row,added,purpose,class,send,size,copy,child,values,fingerprint,promises,spreadsheet,pages,control,runtime,guide,save,namespace,uri,list,replying,title,file,clear,codebook,min,number,report,multivalued,provider,scope,modify,splice,classifying,purposes,rows,scripts,background,document,pvscl
topic#63,validation,js,i18n,success,restore,format,end,feature,created,add,feedback,logged,simulation,definition,min,type,changed,callback,close,previous,requests,href,content,access,sheet,exporter,lodash,deserialize,template,timeout,cross,tooltip,async,commenting,trying,comments,listeners,initialize,read,page,exists,remove,swal,values,configure,events,count,string,parse,replying,process,query,view,confirm,position,substr,progress,parts,loading,retrieving
topic#64,annotation,server,manager,storage,browser,hypothesis,client,selected,chrome,function,button,children,default,file,group,groups,alert,size,provider,json,options,configuration,sheet,current,google,saved,object,index,direct,science,runtime,send,error,message,neo4,data,console,restore,card,select,user,target,configure,scope,local,split,url,add,profile,load,parse,store,listener,set,query,stringify,namespace,check,hypothes,save
topic#65,export,import,items,annotation,click,url,annotations,theme,menu,definition,imported,exporter,button,tab,activated,open,read,deleting,image,card,config,filtered,child,info,hierarchy,highlight,creating,view,clear,message,maintain,jquery,adds,producer,sure,1000,permission,annotated,science,store,tooltip,pvscl,init,contains,article,teacher,split,function,redraw,body,checked,review,make,rename,tool,activity,notify,ajax,domain,manual
topic#66,regex,trying,closed,base,login,code,possible,match,insert,simulation,instance,reader,highlighter,string,initialize,make,used,characters,headers,header,operation,status,commenting,tries,file,condition,list,event,adds,definition,options,aria,given,success,navigation,min,theme,template,format,float,creating,entered,returns,mark,input,later,related,defined,annotated,handler,config,buttons,progress,blank,colors,stringify,product,button,need,promises
topic#67,consumer,blocking,async,script,control,identification,activate,int,feature,select,position,schema,placeholder,link,label,chrome,account,reopen,ask,element,start,level,assignment,reader,comment,restore,annotation,highlighter,defined,cmid,blob,configuring,listener,given,console,guide,right,teacher,dimport,filtered,json,created,tabs,fingerprint,read,float,requires,neo4j,unexpected,possible,settings,date,menu,initialize,comments,criteria,group,location,sort,viewer
topic#68,happened,list,tool,object,used,download,hypothesis,read,related,navigation,event,href,activity,center,codes,based,destroy,classification,parameter,configuration,website,options,report,headers,regex,match,closed,roles,local,scrap,stringify,index,need,button,scope,objects,selection,select,query,script,storage,response,aria,card,string,entered,application,process,swal,adds,seconds,includes,manual,values,assignments,status,js,size,main,server
topic#69,format,document,body,viewer,html,formats,selector,query,location,application,annotated,tool,website,href,error,reload,url,base,pdf,alert,mark,children,links,button,review,index,int,scripts,manage,entered,view,row,textarea,unable,provider,trying,check,cell,comments,load,manual,spreadsheet,validation,width,purpose,unusable,restore,process,exporter,disabled,buttons,defined,headers,blocking,toolset,report,swal,size,identification,rename
topic#70,seconds,class,updated,result,changed,new,selector,scope,initialize,select,multivalued,parameter,product,current,parts,article,management,splice,make,want,remove,textarea,alert,deleting,default,like,file,create,title,pvscl,start,timeout,body,width,given,try,notify,buttons,previous,custom,loaded,destroy,activity,element,param,rename,definition,different,context,metadata,page,maintain,promise,span,based,string,direct,form,manager,promises
topic#71,group,codebook,current,code,annotated,annotation,create,utils,server,alert,manager,html,storage,groups,theme,config,links,language,browser,built,update,application,events,dispatch,instance,logged,hypothesis,selected,annotating,error,selector,option,extension,event,reopen,highlighter,handler,hidden,start,form,default,custom,debug,position,new,user,script,unable,based,https,saved,multivalued,codes,id,client,text,equal,product,manage,like
topic#72,previous,annotations,delete,assignments,assignment,event,events,deleted,message,append,group,chrome,metadata,log,closed,instance,returns,dispatch,manager,maintain,attribute,utils,match,image,science,custom,updated,filtered,blob,element,current,neo4,like,cmid,config,replying,annotated,plain,requests,i18n,link,endpoint,button,splice,used,citation,contact,entered,equal,normalize,charset,handler,import,endcondpvscl,main,mark,article,redraw,card,action
topic#73,codebook,export,selector,delete,group,event,handler,add,events,themes,listener,item,deactivate,rubric,notify,toolset,metadata,search,purposes,activity,value,activate,references,reader,seconds,updateable,option,provider,probably,annotator,theme,try,pages,instance,purpose,question,cancel,object,classifying,guide,retrieving,language,container,dark,check,condition,scheme,span,contact,codes,review,different,destroy,wrapper,create,toggle,replied,label,i18n,rename
topic#74,tries,restore,define,requires,roles,image,number,width,open,article,google,normalize,contact,param,trying,happened,hypothes,remove,charset,split,listeners,console,aria,seconds,date,pdf,chrome,reduce,center,assign,load,html,modify,axios,buttons,activated,deserialize,stringify,consumer,context,position,neo4,reopen,highlighted,sort,debug,configuring,server,possible,redirect,post,content,swal2,reply,updating,background,changed,float,inner,chosen
topic#75,body,purpose,info,option,item,data,html,title,select,pre,confirm,remove,span,element,create,array,purposes,swal2,paper,list,autocomplete,append,swal,level,response,request,input,push,serialize,click,management,width,annotation,http,query,event,search,listener,add,format,container,placeholder,json,source,object,dimport,success,target,timeout,result,class,endcon,comment,label,textarea,set,min,ajax,tooltip,previous
topic#76,theme,code,codebook,event,events,update,updated,hierarchy,utils,remove,created,create,description,language,button,codes,removed,handler,dispatch,init,annotation,new,color,custom,container,element,reload,add,index,listener,config,date,alert,sidebar,colors,instance,id,model,annotations,manager,input,rename,previous,themes,open,current,textarea,values,items,server,definition,form,placeholder,confirm,title,selector,string,click,client,query
topic#77,group,selector,codebook,item,event,container,swal,ajax,exam,roles,span,equal,retrieving,server,delete,popup,placeholder,uri,aria,manual,array,google,jsimport,location,creator,rename,tag,exists,namespace,probably,toggle,warning,created,files,saved,provider,object,utils,width,browser,client,sheet,unable,select,plain,initialize,child,export,instance,create,entered,result,view,annotator,added,multivalued,center,function,hypothes,groups
topic#78,saved,doi,requires,higher,redirect,built,scheme,date,sender,custom,warning,previous,codebook,body,retrieves,importer,cell,question,ajax,input,teacher,import,method,toolset,producer,manage,uri,comments,callback,updating,cross,match,params,aria,annotated,save,elements,index,happened,criteria,swal,filtered,changed,max,consumer,filter,hypothesis,size,parse,student,neo4,generate,int,popup,pvscl,gsheet,rows,profile,loaded,simulation
topic#79,codebook,group,developer,inner,groups,items,continues,checkbox,add,manage,set,stringify,loading,simulation,callback,button,deleting,alert,review,website,loaded,definition,course,navigation,manager,seconds,equal,defined,aria,substr,importer,matches,insert,child,tab,endcondpvscl,confirm,moodle,replace,entered,highlighted,config,center,access,redirect,new,created,trying,http,party,source,default,renamed,background,update,higher,read,tag,hide,runtime
topic#80,criteria,concat,token,browser,regex,type,parts,warning,consumer,tool,updated,feedback,end,later,tooltip,save,selection,page,instanced,colors,extension,redraw,restore,opened,login,message,store,hide,maintain,close,matches,callback,reload,exists,condition,async,checked,link,closed,classifying,neo4,group,provider,replying,blocking,data,assignment,viewer,swal2,reader,replace,current,scope,loaded,want,try,resource,menu,creator,log
topic#81,group,codebook,selector,event,delete,rename,create,item,export,events,groups,current,container,handler,span,alert,option,utils,title,language,listener,click,query,add,html,links,built,condition,sidebar,dispatch,toggle,error,new,button,custom,based,set,expanded,aria,attribute,application,position,swal,instance,import,text,type,update,renamed,manual,id,init,start,confirm,unable,model,extension,changed,deleted,time
topic#82,description,instanced,resource,necessary,autocomplete,body,enable,reload,content,themes,opened,min,current,assignment,unusable,value,tooltip,direct,roles,course,item,viewer,params,requires,creator,returns,yaml,operation,subgroup,import,warning,js,button,scheme,related,producer,comment,annotations,reader,width,message,happened,create,destroy,validation,array,pvscl,link,replying,scripts,spreadsheet,pages,base,maintain,id,removed,attribute,server,identification,token
topic#83,moodle,id,report,group,annotated,cmid,assignment,event,annotation,create,body,updated,code,utils,html,current,events,selector,course,link,url,instance,alert,config,necessary,server,dispatch,manager,center,based,endpoint,permission,management,blank,chrome,jsimport,built,theme,groups,expand,hypothes,mark,action,configuring,browser,unable,export,metadata,codebook,identification,destroy,append,multivalued,push,producer,token,application,want,links,deleted
topic#84,classifying,tooltip,clear,http,blank,image,hidden,correctly,process,child,buttons,citation,application,send,user,scrap,download,body,form,date,hash,container,removed,groups,result,sort,close,jquery,width,notify,number,manager,match,success,item,code,click,destroy,extension,interval,theme,closed,array,reduce,producer,list,matches,cmid,replied,deserialize,assign,source,change,warning,files,reopen,namespace,direct,background,position
topic#85,center,annotating,textarea,template,profile,data,hide,base,handler,hypothes,js,modify,string,href,feature,necessary,utils,serialize,description,exist,links,max,configure,date,set,scripts,add,dimport,removed,level,redirect,maintain,assignments,exporter,simulation,text,equal,disable,purposes,save,highlight,error,message,init,cancel,warning,child,access,placeholder,parse,replying,width,post,label,server,filter,requests,function,local,request
topic#86,sheet,google,spreadsheet,id,number,client,token,annotation,provider,data,group,columns,current,index,theme,source,user,based,row,function,manager,script,chrome,values,server,int,jquery,reload,result,themes,status,codebook,request,operations,exam,hypothes,operation,https,unusable,multivalued,config,entered,loading,identification,rows,cells,message,requires,value,log,create,classification,guide,cell,text,buttons,end,sweetalert2,namespace,tags
topic#87,server,hypothesis,logged,import,annotation,contains,links,renamed,url,view,callback,manager,clear,assignment,remove,options,sender,group,title,schema,saver,replying,listener,interval,application,set,match,deactivate,classification,imported,change,size,init,crypto,tab,maintain,reviewing,modify,code,pdf,pages,method,scheme,promises,login,jsimport,provider,browser,end,necessary,opened,developer,chrome,cancel,max,stringify,uri,namespace,closed,console
topic#88,callback,highlighter,continues,configure,scheme,assignments,permissions,built,remove,aria,added,axios,subgroup,probably,data,spreadsheet,control,search,check,warning,course,context,parts,unexpected,namespace,params,process,previous,happened,exporter,loading,ask,maintain,events,requires,formats,background,request,reject,i18n,wrapper,management,used,highlight,child,updating,alert,yaml,status,children,swal2,unable,tab,page,hash,insert,cancel,gsheet,viewer,item
topic#89,codes,sort,number,parse,float,themes,browser,storage,annotating,manager,server,images,operation,logged,endcon,replying,push,highlighter,alert,button,endpoint,groups,hierarchy,save,page,blob,swal2,menu,match,crypto,related,classification,viewer,domain,text,maintain,option,headers,changed,check,sheet,deleting,pdf,reopen,instance,tries,item,progress,close,handler,store,classifying,seconds,jsimport,try,location,links,stringify,header,chrome
topic#90,server,moodle,assignment,viewer,selector,browser,rubric,storage,alert,operation,response,page,client,annotation,pdf,loading,config,validation,update,chrome,highlight,format,message,language,management,button,element,store,blob,download,control,description,cross,includes,aria,group,interval,simulation,clear,replied,closed,course,expanded,checked,manager,create,probably,theme,checkbox,substr,annotated,loaded,params,max,product,info,condition,log,charset,uri
topic#91,reply,annotation,html,commenting,text,data,comment,annotations,form,replying,utils,span,target,create,items,color,references,code,creator,class,update,alert,theme,replied,selector,confirm,unexpected,error,webpage,custom,dispatch,events,event,language,reload,param,id,pre,returns,user,updating,source,group,cancel,axios,log,check,date,updated,purpose,settings,modify,filter,exists,server,menu,context,current,config,remove
topic#92,sheet,google,id,number,client,token,spreadsheet,index,provider,row,result,columns,cell,value,function,chrome,source,rows,request,start,user,data,send,update,manager,response,consumer,entered,theme,end,group,current,runtime,create,values,type,codebook,message,login,guide,themes,reload,error,multivalued,codes,json,log,https,requests,match,param,cells,background,i18n,url,scope,annotation,config,attribute,validation
topic#93,group,codebook,selector,event,export,events,delete,item,container,rename,create,span,groups,listener,handler,theme,update,condition,query,click,add,current,code,option,remove,codes,button,toggle,sidebar,alert,new,title,dispatch,element,manual,language,import,expand,custom,aria,attribute,id,object,utils,json,server,set,validation,reload,console,i18n,annotations,init,instanced,hypothesis,popup,swal,unable,characters,change
topic#94,push,trying,continues,expand,white,annotation,importer,hierarchy,permissions,href,config,save,assign,updated,highlighted,annotations,namespace,permission,browser,splice,consumer,criteria,guide,paper,main,error,default,maintain,article,open,resource,product,defined,view,form,developer,query,themes,configuring,formats,list,cmid,comments,equal,jquery,manage,option,handler,interval,listener,profile,scripts,later,exam,definition,destroy,configuration,requests,reject,class
topic#95,image,button,maintain,card,generate,add,attribute,url,toolset,hidden,read,child,annotated,min,classification,delete,highlighted,main,scrap,make,number,selection,inner,images,highlighter,built,action,filtered,handler,happened,spreadsheet,contains,import,swal,description,developer,expand,utils,assignment,width,gsheet,try,define,configure,yaml,redraw,links,roles,creator,chrome,debug,match,need,dark,float,custom,modify,continues,item,substr
topic#96,identification,importer,objects,developer,1000,unable,description,different,tool,grouped,added,deactivate,local,saved,data,feedback,alert,parse,roles,includes,multivalued,possible,annotation,themes,codes,image,creator,button,entered,progress,condition,opened,cross,async,result,manager,color,import,matches,probably,viewer,expand,manage,test,highlight,schema,count,html,necessary,click,disabled,product,checkbox,serialize,yaml,pvscl,swal,instanced,sheet,cmid
topic#97,param,ask,configuring,tab,browser,type,string,axios,set,event,define,redraw,feature,guide,current,post,match,requests,size,error,async,splice,test,expand,reduce,level,promise,retrieves,tooltip,sweetalert2,product,autocomplete,modify,export,restore,push,checked,textarea,correctly,log,returns,split,aria,sure,given,format,different,definition,parameter,pdf,header,regex,language,pvscl,gsheet,probably,method,higher,enable,metadata
topic#98,event,student,body,input,check,built,ajax,define,exam,click,update,copy,date,placeholder,highlighted,listeners,restore,colors,response,changed,pages,comments,domain,product,unusable,expanded,serialize,textarea,lodash,related,splice,init,html,contains,modify,configuring,rename,action,instanced,returns,dark,need,exists,expand,like,hash,stringify,rows,assignments,size,notify,browser,runtime,webpage,contact,storage,files,exist,start,uri
topic#99,interval,context,objects,contact,control,instance,schema,append,result,stringify,ask,model,store,seconds,list,cell,split,correctly,commenting,possible,replying,values,report,initialize,span,party,higher,sender,permissions,storage,operation,condition,neo4,links,file,level,log,location,endcondpvscl,requests,unexpected,criteria,website,application,replace,http,max,resource,built,later,blank,blob,size,profile,axios,hypothesis,options,files,browser,tries
topic#100,option,select,body,element,selector,delete,codebook,data,level,moodle,purpose,group,query,container,token,template,create,config,result,student,remove,cmid,feedback,download,pdf,item,html,size,default,retrieved,debug,json,param,action,options,pre,regex,given,user,selected,expanded,confirm,assignment,images,removed,message,direct,sweetalert2,description,imported,want,files,navigation,current,neo4j,replied,party,neo4,chosen,end
topic#101,spreadsheet,progress,error,codes,hash,insert,blob,feedback,init,yaml,process,updating,activated,filtered,highlighted,width,parse,purpose,changed,domain,index,model,parts,replied,pages,attribute,annotating,report,comment,adds,augmentation,sure,regex,login,hide,management,activity,try,disable,continues,operation,deactivate,chosen,profile,assignments,start,annotated,http,codebook,configuration,jquery,wrapper,configure,cell,cells,deleting,custom,definition,headers,necessary
topic#102,log,buttons,adds,seconds,created,question,entered,tabs,augmentation,restore,container,view,closed,creating,properties,content,set,config,uri,cmid,direct,error,added,permissions,text,custom,sure,attribute,webpage,click,modify,hierarchy,token,matches,array,imported,logged,operations,float,clear,param,endcondpvscl,server,configuration,assignments,initialize,white,id,json,website,filter,feature,equal,query,notify,description,dimport,unable,concat,web
topic#103,promise,notify,start,option,http,contact,toggle,token,exist,related,init,child,exporter,replace,body,attribute,number,entered,items,formats,data,object,assignment,events,status,comment,default,initialize,1000,page,web,js,retrieve,user,log,read,blocking,spreadsheet,tabs,citation,required,rubric,classifying,document,delete,control,cells,closed,create,resource,sort,sender,class,instanced,message,config,extension,download,updateable,redirect
topic#104,moodle,cmid,assignment,metadata,response,course,assignments,chrome,cross,group,download,operations,request,previous,reviewing,plain,trying,theme,listener,aria,items,handler,select,annotation,scripts,id,roles,promise,close,manager,endcon,requires,citation,item,url,test,split,delete,defined,tags,viewer,producer,updating,retrieves,sweetalert2,push,returns,contact,classifying,replying,tab,profile,main,match,error,doi,manage,lodash,resource,disabled
topic#105,codes,event,links,built,jsimport,loaded,unexpected,listener,profile,defined,returns,assignments,spreadsheet,select,previous,aria,want,uri,confirm,identification,paper,resource,purposes,required,clear,classifying,store,body,reopen,hypothesis,disable,rename,post,time,feature,sender,set,operation,instanced,placeholder,producer,size,closed,download,callback,add,disabled,handler,query,grouped,export,items,language,script,enable,document,list,endcon,happened,promises
topic#106,code,annotated,theme,tags,id,config,guide,push,annotation,cmid,modify,events,sheet,activated,themes,chrome,access,client,axios,tag,expand,later,width,pre,contains,alert,comments,store,background,test,link,given,dispatch,resource,cross,color,feature,consumer,promises,feedback,deserialize,annotations,server,purpose,new,export,returns,multivalued,assign,split,attribute,update,action,string,regex,notify,replace,different,response,send
topic#107,code,theme,reopen,list,events,destroy,logged,codes,sure,created,event,deactivate,load,augmentation,classifying,built,input,replying,different,based,custom,sender,extension,new,assign,json,language,elements,question,reload,product,location,exporter,scope,listener,toggle,article,codebook,like,header,reader,remove,hierarchy,permission,browser,matches,description,placeholder,endcon,serialize,size,chrome,buttons,reviewing,parameter,process,commenting,updateable,direct,web
topic#108,moodle,endpoint,rubric,url,id,chrome,token,query,course,send,assignment,client,simulation,response,files,annotation,manager,message,file,element,cmid,selector,utils,checkbox,function,console,runtime,activated,check,criteria,status,student,data,listener,config,add,item,create,provider,elements,request,params,update,control,server,axios,storage,instance,change,toggle,highlighter,json,checked,consumer,card,tags,background,search,error,init
topic#109,theme,code,body,purpose,id,annotation,account,classification,expanded,color,provider,manager,references,retrieved,charset,default,mark,codebook,classifying,redirect,maintain,message,delete,replied,highlight,settings,selection,multivalued,header,container,row,rows,alert,replying,parameter,user,reduce,updated,deleting,jquery,trying,title,tries,importer,substr,splice,append,spreadsheet,progress,values,destroy,language,card,regex,course,pre,probably,google,access,confirm
topic#110,commenting,comment,body,purpose,form,text,reload,purposes,span,serialize,comments,open,tooltip,hypothes,event,events,dispatch,language,update,custom,webpage,alert,error,class,unexpected,utils,reply,items,annotation,id,html,student,value,max,maintain,guide,exam,course,consumer,make,namespace,send,neo4j,client,parts,code,citation,sidebar,endpoint,formats,jsimport,sender,themes,management,account,activate,append,function,dimport,generate
topic#111,application,url,color,configuring,codes,runtime,copy,spreadsheet,subgroup,cancel,question,destroy,charset,checked,html,position,account,serialize,toolset,parse,page,hierarchy,highlight,tooltip,scope,location,producer,unexpected,header,scheme,js,roles,select,configuration,browser,console,reject,container,hash,neo4,party,1000,option,correctly,values,endcondpvscl,template,time,click,level,custom,href,exam,import,tags,end,permission,lodash,doi,teacher
topic#112,different,deleted,blank,necessary,make,center,built,object,handler,post,characters,export,highlighter,assignment,group,like,children,teacher,operation,importer,updateable,charset,updating,retrieves,groups,match,console,html,validation,listener,wrapper,import,request,feedback,developer,unusable,comments,filtered,loaded,http,removed,crypto,configuration,identification,size,neo4,interval,json,modify,popup,array,hash,params,possible,white,events,file,list,purpose,user
topic#113,sheet,google,chrome,row,id,consumer,token,source,number,client,retrieves,data,reject,index,update,attribute,value,console,modify,provider,link,lodash,retrieved,location,scrap,codes,string,spreadsheet,parse,server,result,text,unable,related,request,method,columns,characters,pvscl,user,match,student,function,code,interval,necessary,process,manage,navigation,metadata,toolset,post,local,annotating,1000,message,log,defined,equal,added
topic#114,function,width,span,alert,item,logged,includes,try,url,child,loading,cmid,cell,selector,loaded,teacher,neo4,themes,timeout,identification,student,initialize,page,ajax,objects,created,imported,clear,container,probably,endcon,token,equal,built,min,correctly,links,code,param,columns,references,view,listener,extension,items,i18n,removed,exist,callback,http,later,remove,endpoint,files,value,scheme,local,deactivate,schema,codes
topic#115,position,application,element,select,activity,selector,importer,promise,dark,status,filter,float,given,start,serialize,download,error,manager,seconds,toggle,tag,color,runtime,configuring,toolset,later,button,related,enable,import,value,params,children,annotations,files,equal,set,current,instance,columns,send,blocking,pages,background,tooltip,replace,swal2,match,textarea,urls,input,annotated,endcon,aria,filtered,unable,center,need,loading,criteria
topic#116,closed,listener,assignment,hash,tooltip,cross,blank,namespace,substr,domain,want,product,user,sidebar,disable,article,seconds,time,producer,previous,page,validation,delete,list,1000,endcondpvscl,code,interval,text,formats,maintain,retrieves,configuring,push,classification,manual,toggle,items,define,location,card,manager,set,subgroup,highlighter,data,columns,normalize,reviewing,viewer,end,resource,log,retrieved,opened,start,right,unexpected,redraw,placeholder
topic#117,plain,new,imported,post,replying,reviewing,redraw,classification,download,handler,charset,stringify,create,message,number,contains,restore,level,guide,codebook,popup,click,commenting,async,reader,assignment,blob,yaml,deactivate,continues,progress,local,schema,opened,inner,define,condition,disable,open,warning,exist,callback,class,js,sort,values,later,removed,settings,export,hypothes,browser,happened,instanced,set,annotator,card,swal2,max,https
topic#118,theme,event,events,updated,code,update,codebook,init,sidebar,reload,namespace,settings,given,utils,export,yaml,description,loaded,deserialize,scope,scrap,codes,references,exam,buttons,string,callback,dispatch,retrieves,spreadsheet,click,endpoint,crypto,content,create,citation,annotation,neo4,chosen,logged,tries,document,condition,value,url,want,sure,need,updating,domain,split,review,changed,sort,disabled,redirect,ajax,page,custom,button
topic#119,hypothesis,client,moodle,id,element,card,server,activity,token,tabs,base,context,characters,selected,url,links,login,adds,criteria,search,target,annotations,rows,split,number,query,yaml,comments,close,clear,parse,expand,level,headers,browser,location,process,loaded,i18n,hidden,reject,end,schema,response,result,generate,endpoint,class,tab,read,updateable,progress,ajax,placeholder,body,sidebar,min,deactivate,pdf,annotation
topic#120,object,chosen,clear,producer,generate,view,metadata,runtime,local,children,dispatch,sender,assignment,dark,swal,hide,axios,error,possible,cancel,maintain,access,result,simulation,hypothes,remove,developer,listeners,spreadsheet,doi,different,extract,closed,image,retrieved,tabs,inner,scheme,cmid,row,uri,settings,columns,reduce,schema,saved,current,client,characters,loaded,instanced,augmentation,parse,cells,annotator,disable,browser,colors,hierarchy,define
topic#121,codebook,unexpected,links,grouped,developer,add,redraw,click,open,https,template,size,attribute,extract,tries,deactivate,retrieves,paper,date,returns,substr,trying,doi,reviewing,view,time,navigation,activity,deleting,exam,form,saver,default,code,unable,element,close,image,json,generate,parts,ajax,children,extension,includes,append,tooltip,producer,textarea,groups,access,classification,content,renamed,chrome,management,saved,main,index,assign
topic#122,placeholder,concat,debug,check,given,mark,application,confirm,int,background,happened,read,purposes,i18n,comments,end,user,page,autocomplete,export,body,science,operation,image,columns,fingerprint,management,model,axios,validation,previous,web,exist,retrieve,files,aria,required,list,chrome,select,context,resource,child,webpage,settings,group,added,href,checkbox,init,scripts,want,unusable,load,extension,scrap,success,add,question,guide
topic#123,sweetalert2,tag,insert,previous,course,result,scrap,product,placeholder,init,popup,int,checkbox,consumer,checked,type,items,replied,value,action,spreadsheet,expanded,push,config,unable,send,augmentation,ask,count,loading,selection,code,ajax,define,codes,values,creator,handler,manual,validation,sidebar,import,hidden,inner,current,disabled,management,text,permissions,need,purposes,trying,uri,child,source,unusable,1000,hypothes,comments,listener
topic#124,groups,correctly,configuring,value,checked,identification,template,fingerprint,token,change,creator,classification,inner,built,import,reply,web,hypothes,tool,simulation,float,width,deserialize,utils,changed,item,urls,rows,necessary,direct,extension,custom,context,param,colors,manager,navigation,party,teacher,items,activate,initialize,annotator,language,sure,imported,current,augmentation,remove,codebook,purposes,happened,assignments,images,concat,browser,configure,feedback,span,replied
topic#125,item,retrieving,criteria,sure,add,cell,developer,article,doi,renamed,date,sheet,normalize,swal2,sidebar,console,substr,possible,reviewing,click,option,listeners,profile,expand,classifying,imported,header,remove,reopen,param,format,grouped,neo4,select,tries,highlight,file,make,activate,reduce,citation,manager,comments,sender,data,endcon,loaded,attribute,image,blocking,deactivate,replying,new,notify,configuring,deleted,end,autocomplete,time,configure
topic#126,filter,annotations,user,current,based,language,change,review,retrieve,manager,filtered,feedback,status,extension,result,make,matches,items,action,custom,destroy,process,data,correctly,like,groups,disable,retrieves,cells,configure,href,regex,neo4j,built,activity,added,selector,requests,assignments,selected,annotator,updated,highlight,pdf,imported,alert,comment,feature,async,attribute,account,array,chrome,endpoint,start,maintain,reload,sender,guide,query
topic#127,jquery,array,events,manual,runtime,inner,file,http,aria,post,later,form,defined,destroy,urls,reload,endpoint,party,unusable,placeholder,producer,exam,context,sort,highlighted,tabs,assignments,action,exist,happened,splice,gsheet,item,target,axios,continues,query,returns,formats,template,width,toolset,tab,loading,right,endcondpvscl,level,insert,matches,pdf,webpage,check,send,label,science,plain,https,dimport,class,default
topic#128,returns,count,webpage,built,label,restore,row,aria,download,reduce,columns,unexpected,load,background,popup,json,storage,developer,items,main,selected,jsimport,href,access,status,wrapper,images,store,number,crypto,span,want,current,manage,index,schema,time,grouped,callback,urls,form,management,entered,parameter,width,start,instanced,scrap,extension,menu,modify,validation,center,date,different,params,response,cells,selection,happened
topic#129,runtime,card,retrieve,developer,progress,wrapper,requests,destroy,confirm,selected,sort,identification,based,annotator,source,handler,login,tab,doi,deleting,report,chrome,parts,criteria,selection,request,adds,saved,label,previous,plain,open,input,images,page,background,try,changed,later,sheet,resource,updateable,body,json,scrap,possible,error,concat,local,hide,highlight,account,manual,number,callback,retrieves,blocking,right,creator,management
topic#130,sheet,container,highlight,delete,codebook,cell,group,console,data,elements,plain,annotation,current,i18n,create,activity,instanced,menu,built,guide,aria,endpoint,condition,date,redirect,necessary,client,direct,change,pdf,value,tag,function,moodle,mark,grouped,comments,confirm,enable,hierarchy,provider,chosen,title,loading,endcon,token,browser,js,source,size,copy,model,review,items,select,class,description,gsheet,hypothesis,login
topic#131,google,client,sheet,number,id,annotation,string,send,serialize,row,index,manage,int,main,result,happened,level,jquery,columns,consumer,token,extract,server,retrieves,tool,creator,object,promise,lodash,later,params,html,ask,request,response,exporter,sender,value,script,function,purposes,multivalued,commenting,trying,post,characters,start,child,link,uri,success,webpage,built,feedback,dark,type,update,theme,push,reject
topic#132,doi,description,promise,action,document,dispatch,equal,importer,destroy,serialize,elements,assign,parse,read,id,lodash,items,account,parts,reply,swal,click,tooltip,endpoint,includes,defined,date,operations,based,promises,changed,tag,loading,input,required,retrieves,info,operation,opened,google,configure,delete,columns,namespace,provider,replying,textarea,update,logged,normalize,header,feedback,size,report,menu,attribute,purpose,float,index,save
topic#133,moodle,query,type,id,report,popup,client,course,pages,tab,cmid,control,saved,remove,criteria,codebook,augmentation,comment,includes,child,like,website,chrome,template,updating,creating,producer,access,reduce,disable,promise,grouped,status,script,entered,domain,listeners,review,classification,based,cancel,provider,reviewing,files,sweetalert2,search,chosen,model,debug,seconds,aria,equal,max,promises,array,charset,location,splice,set,text
topic#134,moodle,id,assignment,endpoint,rubric,cmid,previous,student,client,course,token,element,chrome,file,manager,response,assignments,url,files,annotation,selector,send,current,query,data,create,provider,theme,download,message,simulation,activated,href,function,server,utils,codebook,request,update,item,assign,config,criteria,check,resource,form,augmentation,destroy,json,console,params,group,promise,open,container,status,teacher,metadata,reject,annotations
topic#135,hypothesis,object,code,hierarchy,description,rows,view,redirect,error,array,like,download,response,set,disabled,base,date,exists,related,augmentation,website,operation,http,later,aria,guide,tag,contains,container,create,insert,destroy,deleting,manager,menu,webpage,elements,change,returns,formats,send,size,sure,read,sheet,browser,replace,operations,management,import,language,creating,defined,yaml,handler,loaded,student,expanded,count,position
topic#136,scripts,events,website,requests,aria,reviewing,data,access,validation,highlighted,http,manager,child,blob,classification,commenting,activate,checked,assign,feature,permission,link,columns,cmid,width,roles,scrap,product,retrieves,export,autocomplete,cross,hypothes,lodash,store,matches,resource,selected,browser,hidden,stringify,chosen,neo4,buttons,headers,student,url,exporter,axios,manage,option,sheet,saver,web,citation,configuring,attribute,chrome,listener,subgroup
topic#137,element,append,url,child,doi,link,pdf,inner,content,script,text,config,hash,selector,query,span,href,check,extension,utils,param,regex,location,string,open,groups,console,activate,popup,matches,scripts,runtime,replace,chrome,result,lodash,message,redirect,tries,citation,returns,js,different,extract,pvscl,array,parts,paper,scrap,required,article,scope,send,params,browser,activated,codebook,group,rename,export
topic#138,code,theme,moodle,annotation,events,updated,language,update,reject,event,previous,hierarchy,retrieved,autocomplete,values,replace,purpose,annotations,cmid,commenting,classifying,view,save,config,level,content,codebook,student,listener,click,browser,report,annotated,handler,index,async,utils,child,min,created,class,query,assign,id,mark,form,parts,comments,used,cross,description,unexpected,checked,parameter,tabs,i18n,parse,center,define,filter
topic#139,moodle,resource,cmid,manager,destroy,metadata,file,previous,google,annotation,assignments,client,reload,sheet,promise,roles,tags,interval,codebook,id,reject,utils,annotations,url,open,code,assignment,theme,update,server,guide,location,hierarchy,current,group,files,runtime,hypothesis,annotator,neo4,mark,report,endpoint,retrieve,scope,checkbox,https,simulation,provider,message,spreadsheet,set,selected,error,activated,import,user,loaded,instance,row
topic#140,teacher,extension,retrieving,paper,handler,code,scrap,blank,reply,ajax,course,check,template,endcon,columns,runtime,contains,target,blocking,add,span,process,colors,need,web,text,domain,user,student,swal,purposes,different,storage,dimport,manual,number,grouped,based,includes,replied,party,opened,page,info,request,pvscl,chrome,make,input,codebook,utils,simulation,size,urls,annotated,js,rename,post,uri,plain
topic#141,moodle,comment,count,annotator,images,success,listeners,modify,closed,exist,based,aria,namespace,identification,dispatch,toggle,href,sure,notify,level,right,resource,buttons,headers,inner,number,https,header,storage,scripts,saved,title,class,placeholder,wrapper,cells,define,application,debug,like,generate,change,objects,manage,removed,runtime,codes,previous,updating,pvscl,citation,creator,min,timeout,management,text,reply,error,parameter,read
topic#142,characters,list,position,blank,links,later,account,timeout,close,change,checked,endpoint,disabled,card,reopen,lodash,regex,instanced,events,configuring,background,row,ask,creator,enable,swal2,application,operation,split,includes,swal,items,cmid,script,elements,hide,navigation,extract,response,wrapper,uri,loaded,callback,color,message,delete,size,selector,listener,open,chrome,restore,async,saver,index,reader,clear,class,importer,text
topic#143,moodle,yaml,adds,save,expanded,endpoint,value,updated,autocomplete,update,contains,equal,redirect,debug,validation,disabled,possible,remove,tabs,open,cross,format,alert,doi,listeners,event,time,blank,deserialize,instance,server,control,retrieved,crypto,destroy,blocking,pages,start,configuring,urls,deleting,button,textarea,dispatch,maintain,references,disable,parts,enable,cells,scope,description,append,options,split,pre,select,confirm,direct,set
topic#144,code,theme,codebook,events,codes,event,hierarchy,updated,description,update,utils,init,create,language,manager,cell,annotation,color,definition,string,remove,listener,handler,review,created,push,current,activated,selector,files,config,model,import,removed,annotated,autocomplete,groups,tags,themes,text,html,attribute,date,button,annotating,browser,user,custom,main,links,endcondpvscl,moodle,body,includes,load,clear,activate,instance,dispatch,tabs
topic#145,science,replying,content,matches,size,append,neo4j,target,charset,init,renamed,retrieves,identification,options,confirm,insert,remove,reopen,replied,checked,highlighted,dispatch,position,js,https,spreadsheet,given,links,retrieved,buttons,purposes,filtered,activate,blocking,time,login,json,tabs,reader,console,producer,exists,formats,schema,white,simulation,store,doi,listeners,events,rename,date,view,account,info,equal,http,data,application,feature
topic#146,image,annotation,url,report,button,child,toolset,text,list,handler,chrome,body,i18n,append,title,event,template,images,element,extension,listener,read,add,management,generate,click,review,open,maintain,input,feature,classification,elements,question,response,subgroup,replying,consumer,purpose,sheet,background,message,retrieves,filter,tries,cross,assignment,rubric,delete,tooltip,position,post,action,reader,scheme,annotations,related,opened,timeout,identification
topic#147,like,send,options,classifying,higher,int,deserialize,ask,domain,async,trying,augmentation,test,splice,neo4,dispatch,retrieving,configuring,destroy,client,commenting,promises,unexpected,matches,uri,webpage,scrap,local,criteria,reject,params,substr,used,text,equal,type,https,guide,select,deleting,groups,popup,log,related,context,read,plain,token,probably,tooltip,validation,href,language,main,reduce,count,class,modify,extract,adds
topic#148,hypothesis,download,requests,axios,paper,updated,span,settings,change,import,copy,classifying,management,annotations,correctly,assignment,attribute,test,initialize,instance,updateable,default,classification,init,color,trying,source,filtered,roles,namespace,server,code,replying,client,group,webpage,base,insert,saved,validation,multivalued,progress,unable,parts,different,process,opened,direct,properties,reduce,check,checkbox,token,children,need,https,href,function,cell,links
topic#149,theme,code,event,events,codebook,update,updated,codes,remove,button,utils,create,created,custom,container,hierarchy,dispatch,language,description,classifying,element,config,handler,reload,removed,index,annotations,new,id,add,level,annotated,criteria,color,possible,model,error,string,tags,sidebar,init,direct,reject,endcon,retrieving,reopen,promise,multivalued,client,rename,necessary,annotation,definition,search,date,manager,selector,server,page,filter
